k,silhouette,inertia
2,0.0870192548317449,80604.51807251127
3,0.0709003542480992,76038.028034674
4,0.07512445227768548,72471.33645856383
5,0.07130516903316578,69637.39431267785
6,0.07477318865672834,67142.47766395459
